TOPICO,archivo_csv,columna_Geocodigo,columna_DescFundar
PESCAS,31_consumo_per_capita_pescado_anio_pais.csv,iso3,pais
PESCAS,16_valor_cantidad_precio_exportacion_pesquero.csv,,
PESCAS,01_produccion_pesquera_captura_y_acuicola_por_pais_ultimo_anio.csv,iso3,pais_nombre
PESCAS,22_pbg_pesquero.csv,geocodigo,provincia
PESCAS,04_desembarque_especie_ultimo_anio.csv,,
PESCAS,14_evolucion_pib_pesquero.csv,,
PESCAS,07_acuicultura_produccion_por_pais_ultimo_anio.csv,iso3,pais_nombre
PESCAS,18_valor_precio_cantidad_expo_por_especie_anio.csv,,
PESCAS,11_total_desembarques.csv,,
PESCAS,09_composicion_consumo_carne_animal_por_tipo_y_pais_ultimo_anio.csv,iso3,pais
PESCAS,29_produccion_vs_consumo_pesca_arg_evo.csv,,
PESCAS,21_acuicultura_produccion_arg_evo.csv,iso3,pais_nombre
PESCAS,27_vab_expo_share.csv,,
PESCAS,03_composicion_exportaciones_pesca_producto.csv,,
PESCAS,20_captura_merluza_hubbsi_vs_cmp_anio.csv,,
PESCAS,30_share_global_expo_pesca_pais_anio.csv,iso3,pais_nombre
PESCAS,28_consumo_pescado_decil.csv,,
PESCAS,02_complejos_exportadores_ultimo_anio.csv,,
PESCAS,15_participacion_complejo_pesquero_en_expo.csv,,
PESCAS,12_capturas_grupos_anio.csv,,
PESCAS,26_produccion_pesquera_captura_y_acuicola_share_arg_evo.csv,iso3,pais_nombre
PESCAS,05_expo_pesquera_por_especie_ultimo_anio.csv,,
PESCAS,13_captura_especie_anio.csv,,
PESCAS,08_consumo_pescado_mariscos_per_capita_pais_ultimo_anio.csv,iso3,pais
PESCAS,23_share_acuicola_total_pesca_por_pais_anio.csv,iso3,pais_nombre
PESCAS,25_produccion_pesquera_captura_y_acuicola_mundial_anio.csv,,
PESCAS,06_desembarques_puertos_totales.csv,,provincia
CIETEC,07_investigadores_conicet_categoria_genero_ultimo_anio.csv,,
CIETEC,23_patentes_pais_residencia_solicitante_evo.csv,iso3,nombre_pais
CIETEC,17_i_d_y_act_pib.csv,,
CIETEC,13_patentes_residentes_sobre_pib.csv,iso3,nombre_pais
CIETEC,25_inversion_sector_destino.csv,,
CIETEC,11_pub_scopus_cada_100_investigadores.csv,iso3,pais
CIETEC,03_id_sector_ejecucion.csv,iso3,pais_nombre
CIETEC,02_id_sector_financiamiento.csv,,
CIETEC,05_investigadores_cada_mil_pea_ultimo_anio.csv,iso3,pais
CIETEC,12_solicitud_patentes_segun_residencia_solicitante_ultimo_anio_disponible.csv,iso3,pais
CIETEC,06_inversion_por_investigador.csv,iso3,pais
CIETEC,14_inversion_i_d_provincia.csv,provincia_id,provincia
CIETEC,15_inversion_10000_hab_provincia.csv,provincia_id,provincia
CIETEC,01_id_pib_pais.csv,iso3,pais_nombre
CIETEC,04_ranking_research_gov_latam_scimago.csv,iso3,nombre_pais
CIETEC,08_investigadores_por_disciplina_formacion.csv,,
CIETEC,22_publicaciones_scopus_evo.csv,iso3,pais
CIETEC,20_investigadoras_y_becarias_evo.csv,,
CIETEC,24_participacion_fem_investigadores_becarios_comparativo.csv,iso3,pais_nombre
CIETEC,18_investigacion_funcion.csv,iso3,pais
CIETEC,19_investigadores_disciplina_formacion_evo.csv,,
CIETEC,09_publicaciones_scopus_disciplina.csv,iso3,pais
CIETEC,21_id_pib_pais_evo.csv,iso3,pais_nombre
CIETEC,10_publicaciones_scopus_gasto_i_d.csv,iso3,pais
SALING,ISA_composicion-ipcf_it4.csv,,
SALING,ISA_tipo_empleo_i1.csv,,
SALING,ISA_salarios_region_i2.csv,,
SALING,ISA_salario_real_i1.csv,,
SALING,ISA_ipcf_it1.csv,,
SALING,ISA_regiones-ipcf_it1.csv,,
SALING,ISA_salario_real_i3.csv,,
SALING,salario_real_ppa2017_ceped.csv,iso3,
SALING,ISA_composicion-ipcf_it3.csv,,
SALING,ISA_salarios_mundo_i2.csv,,
SALING,ISA_salarios_mundo_i1.csv,iso3,pais_nombre
SALING,ISA_salarios_region_i1.csv,,
SALING,ISA_composicion-ipcf_it5.csv,,
SALING,ISA_regiones-ipcf_it2.csv,,
SALING,ISA_composicion-ipcf_it1.csv,,
SALING,ISA_tipo_empleo_i3.csv,,pais
SALING,ISA_edad_genero_i2.csv,,
SALING,ISA_edad_genero_i1.csv,,
SALING,ISA_ipcf-LAC_it2.csv,country_code,
SALING,ISA_edad_genero_i3.csv,,
SALING,salario_real_base1970.csv,,
SALING,ISA_salario_real_i2.csv,,
SALING,ISA_composicion-ipcf_it2.csv,,
SALING,ISA_tipo_empleo_i2.csv,,
SALING,prima_formalidad_argentina.csv,,
SALING,ISA_ipcf-LAC_it1.csv,country_code,
INFDES,anios_educacion_genero_por_pais.csv,iso3,pais
INFDES,tasa_desempleo_eph_niveled.csv,,
INFDES,tasa_informalidad_provincia_definicion_productiva_legal.csv,,prov_desc
INFDES,satisfaccion_vida_desempleo_pais.csv,iso3,pais_desc
INFDES,tasa_informalidad_legal_latam.csv,iso3,pais
INFDES,tasa_informalidad_legal_por_edad_sexo.csv,,
INFDES,tasa_informalidad_productive_legal_ultimo_anio_latam.csv,iso3,pais
INFDES,tasa_desempleo_ephtu_sexo_edad.csv,,
INFDES,tasa_informalidad_argentina_tipo_anio.csv,,
INFDES,tasa_formalidad_productiva_pib_per_capita.csv,iso3,pais
INFDES,tasa_desempleo_sexo_paises_modelada.csv,iso3,pais_desc
INFDES,tasa_desempleo_arg_mundial_modelada.csv,iso3,pais_desc
INFDES,tasa_informalidad_argentina_genero.csv,,
INFDES,composicion_empleo_ultimo_anio_latam.csv,iso3,pais
INFDES,brecha_tasa_informalidad_genero_latam_2000_2021.csv,iso3,pais
PRECIO,6_comparacion_inflacion_mediana_latam_altosing_1980_2022.csv,,
PRECIO,1_composicion_ipc_argentina.csv,,
PRECIO,7_comparacion_inflacion_mediana_argentina_latam_1992_2022.csv,,
PRECIO,4_tasa_de_inflacion_anual_paises_promedio_2007_2022.csv,iso3,
PRECIO,ponderadores_engho_evolucion.csv,,
PRECIO,11_tasa_de_inflacion_mensual_argentina_feb1989_jun1990.csv,,
PRECIO,precios_relativos_empalmada.csv,,
PRECIO,tasa_de_inflacion_anual_argentina_1935_2022_valores_positivos.csv,,
PRECIO,precios_relativos_caba_empalmada.csv,,
PRECIO,9_inflacion_acumulada_argentina_dic2001_dic2002.csv,,
PRECIO,10_tasa_trimestral_inflacion_y_pib_desestacionalizado_argentina_1984_1988.csv,,
PRECIO,3_tasa_de_inflacion_anual_argentina_1935_2022.csv,,
PRECIO,12_tasa_de_inflacion_mensual_argentina_ene1989_dic1993.csv,,
PRECIO,tasa_de_inflacion_anual_argentina_1935_2022_escala_lineal.csv,,
PRECIO,5_tasa_de_inflacion_anual_paises_2000_2022.csv,iso3,
PRECIO,2_composicion_ipc_por_regiones_argentinas.csv,,
PRECIO,8_evol_precios_aperturas_relativos_a_evol_precios_generales_argentina_1947_2022.csv,,
ESTPRO,particip_calificados_sector.csv,,
ESTPRO,densidad_empresarial_depto.csv,,provincia
ESTPRO,va_sectorial_pais.csv,iso3,iso3_desc_fundar
ESTPRO,sector_escala.csv,,
ESTPRO,empleo_invdes_tim_ocde.csv,iso3,
ESTPRO,pib_por_ocupado.csv,iso3,pais_nombre
ESTPRO,particip_mujer.csv,,
ESTPRO,particip_sector_vab.csv,,
ESTPRO,particip_va_intensivos_id_bys.csv,iso3,iso3_desc_fundar
ESTPRO,empresas_nacional.csv,,
ESTPRO,empn_tim_ocde.csv,iso3,
ESTPRO,particip_mujer_varon.csv,,
ESTPRO,vab_sectorial_granregion.csv,,
ESTPRO,productividad_internacional.csv,iso3,
ESTPRO,tasa_informalidad_tamanio_empresa.csv,,
ESTPRO,va_por_trabajador_pais.csv,iso3,iso3_desc_fundar
ESTPRO,vab_por_sector.csv,,
ESTPRO,va_por_trabajador.csv,,
ESTPRO,densidad_nbi.csv,,provincia
ESTPRO,escala_salarios.csv,,
ESTPRO,va_sectorial_pais_bys.csv,iso3,iso3_desc_fundar
ESTPRO,vab_sectorial_provincia.csv,,provincia
ESTPRO,empleo_sectores_ggdc_1950_2018.csv,iso3,
ESTPRO,particip_sectorial_empleo.csv,,
ESTPRO,particip_sectorial_empleoyvab.csv,,
ACECON,A5_pibpc_propeeuu_ppa_usd.csv,iso3,pais
ACECON,8_pib_dist.csv,,
ACECON,2_pibpc_salud_edu.csv,iso3,pais
ACECON,A3_ipc_ipi.csv,,
ACECON,5_pibpc_prop_arg.csv,iso3,pais
ACECON,7_pib_comp_va.csv,,
ACECON,9_pibpc_ppa_log_1950.csv,,pais_o_region
ACECON,A1_inb_pib.csv,iso3,pais
ACECON,4_pibpc_prop_eeuu.csv,iso3,pais
ACECON,A2_pib_prec_corr_prec_cons.csv,,
ACECON,A7_pib_tendencia_ciclo.csv,,
ACECON,A6_uci.csv,,
ACECON,6_pib_comp_dem_ag.csv,,
ACECON,A4_efecto_bs.csv,iso3,pais
ACECON,1_pib_pibpc_pob_arg_esp.csv,iso3,pais
ACECON,3_pibpc_prec_cons.csv,,
ACECON,A8_pib_desestacionalizado.csv,,
CRECIM,provincia_part_vab.csv,provincia_id,
CRECIM,participacion_pib_mundial.csv,iso3,
CRECIM,pib_pc_cambio_2011.csv,iso3,
CRECIM,pib_pc_ppp.csv,iso3,
CRECIM,vab_por_provincia.csv,provincia_id,
CRECIM,provincia_pib_pc_scatter.csv,provincia_id,provincia_nombre
CRECIM,pib_per_capita_historico_relativo_arg.csv,iso3,
CRECIM,provincia_pib_pc_relativo.csv,provincia_id,
CRECIM,pib_corriente_constante.csv,iso3,
CRECIM,pib_vs_ingreso.csv,iso3,
CRECIM,pib_vs_expectativa.csv,iso3,
CRECIM,pib_pc_cambio_1975.csv,iso3,
CRECIM,pib_vs_educ_promedio.csv,iso3,
CRECIM,pib_absoluto_per_capita.csv,iso3,pais_nombre
CRECIM,pib_per_capita_historico_cambio_1900.csv,iso3,
CRECIM,var_part_1953_vs_ultimo_anio.csv,provincia_id,
CRECIM,pib_per_capita_historico_cambio_1820.csv,iso3,
CRECIM,provincia_pib_pc.csv,provincia_id,
CRECIM,pib_per_capita_historico.csv,iso3,
CRECIM,participacion_pib_latam.csv,iso3,
DESIGU,ISA_demografia_i1.csv,,
DESIGU,ISA_desigualdad_laboral_i2.csv,,
DESIGU,ISA_vivienda_i2.csv,,
DESIGU,ISA_mundo_i3.csv,,
DESIGU,ISA_demografia_i2.csv,,
DESIGU,brecha_horas_trabajadas_genero.csv,,
DESIGU,ISA_funcional_i2.csv,,
DESIGU,ISA_mundo_i1.csv,code,
DESIGU,ISA_regiones_i2.csv,,
DESIGU,ISA_desigualdad_i3.csv,,
DESIGU,ISA_mundo_i2.csv,code,
DESIGU,ISA_regiones_i1.csv,,
DESIGU,ISA_brechas_educativas_i1.csv,,
DESIGU,ISA_genero_i1.csv,,
DESIGU,ISA_desigualdad_laboral_i1.csv,,
DESIGU,ISA_vivienda_i1.csv,,
DESIGU,ISA_brechas_educativas_i3.csv,,
DESIGU,ISA_desigualdad_i1.csv,,
DESIGU,ISA_movilidad_i1.csv,,
DESIGU,ISA_brechas_educativas_i2.csv,,
DESIGU,ISA_desigualdad_laboral_i3.csv,,
DESIGU,ISA_desigualdad_i2.csv,,
DESIGU,ISA_funcional_i1.csv,,
DESIGU,ISA_genero_i2.csv,,
DESIGU,ISA_movilidad_i2.csv,code,
SEBACO,01_ventas_afip.csv,,
SEBACO,07_empleo_sbc_provincias_princ.csv,,
SEBACO,17_tasa_teletrabajo.csv,,
SEBACO,20_composicion_expo_sbc.csv,,
SEBACO,08_i_d_sbc.csv,,
SEBACO,11_ocupados_x_condicion.csv,,
SEBACO,25_impo_x_socio_comercial_arg.csv,iso3,
SEBACO,14_participacion_femenina_sbc.csv,,
SEBACO,21_exportaciones_ssi.csv,,
SEBACO,09_composicion_sbc_rama.csv,,
SEBACO,12_salarios_sbc_y_desagregado.csv,,
SEBACO,16_brecha_salarial_ssi.csv,,
SEBACO,19_saldo_comex_x_sector.csv,,
SEBACO,18_expo_impo_saldo_x_sector.csv,,
SEBACO,06_empleo_sbc_provincia.csv,,provincia
SEBACO,22_participacion_expo_sbc.csv,iso3,
SEBACO,10_empleo_x_rama_y_prop.csv,,
SEBACO,15_participacion_femenina_ssi.csv,,
SEBACO,13_ocupados_x_niveled.csv,,
SEBACO,04_exportacion_sbc.csv,,
SEBACO,03_vab_indec.csv,,
SEBACO,23_participacion_expo_ssi.csv,iso3,
SEBACO,24_expo_x_socio_comercial_arg.csv,iso3,
SEBACO,02_vbp_ssi_fundar.csv,,
SEBACO,05_empleo_sbc_oede.csv,,
POBREZ,ISA_transf-pobreza_it2.csv,,
POBREZ,ISA_laboral-pobreza_it1-it2.csv,,
POBREZ,ISA_pobreza_monetaria_it2.csv,,
POBREZ,ISA_genero-pobreza_it1.csv,,
POBREZ,ISA_pobreza_monetaria_it3.csv,,
POBREZ,ISA_nbi-multidimensional_it3-it4.csv,,
POBREZ,ISA_etario-pobreza_it1.csv,,
POBREZ,ISA_global-poverty_it3.csv,region_code,
POBREZ,ISA_global-poverty_it1.csv,country_code,
POBREZ,ISA_transf-pobreza_it1.csv,,
POBREZ,ISA_etario-pobreza_it2.csv,,
POBREZ,ISA_pobreza_monetaria_it1.csv,,
POBREZ,ISA_pobreza_monetaria_it3_OLD.csv,,
POBREZ,ISA_nbi-multidimensional_it1-it2.csv,,
POBREZ,ISA_educacion-pobreza_it1_it2.csv,,
POBREZ,ISA_genero-pobreza_it2.csv,,
POBREZ,ISA_global-poverty_it2.csv,country_code,
POBREZ,ISA_region-pobreza_it1-it2.csv,,
COMEXT,composicion_importaciones_bienes_sectores_Brambilla_Porto.csv,iso3,
COMEXT,cambio_destinos_exportacion.csv,iso3,
COMEXT,composicion_exportaciones_bienes_regiones_mundo.csv,iso3,partner_region_name_short_es
COMEXT,indice_volumen_exportaciones_bienes_2000.csv,iso3,
COMEXT,indice_valores_unitarios_exportacion_bienes_2000.csv,iso3,
COMEXT,composicion_exportaciones_bienes_sectores_Brambilla_Porto.csv,iso3,
COMEXT,composicion_importaciones_bienes_regiones_mundo.csv,iso3,partner_region_name_short_es
COMEXT,composicion_exportaciones_servicios_EBOPS_2digitos_agrupado.csv,iso3,
COMEXT,participacion_exportaciones_bienes_servicios_mundo.csv,iso3,
COMEXT,composicion_exportaciones_bienes_sitc_seccion.csv,iso3,
COMEXT,exportaciones_bienes_servicios_millones_usd_constantes_2015.csv,iso3,
COMEXT,composicion_importaciones_bienes_sitc_seccion.csv,iso3,
COMEXT,indice_cantidad_exportaciones_argentina.csv,,
COMEXT,composicion_exportaciones_bienes_diferenciado_Bernini.csv,iso3,
COMEXT,composicion_importaciones_bienes_diferenciado_Bernini.csv,iso3,
COMEXT,participacion_exportaciones_servicios_porcentaje_exportaciones.csv,iso3,
COMEXT,participacion_exportaciones_bienes_servicios_porcentaje_pib.csv,iso3,
COMEXT,cambio_origenes_importacion.csv,iso3,
COMEXT,exportaciones_servicios_top_20_destinos.csv,iso3,descripcionpais
COMEXT,indice_apertura_comercial.csv,iso3,
MINERI,expo_por_sectores.csv,,
MINERI,pbi_minero.csv,,
MINERI,minerales_criticos_vehiculos.csv,,
MINERI,empleo_genero.csv,,
MINERI,precios_metales.csv,,
MINERI,expo_mineras_por_grupo.csv,,
MINERI,empleo_minero.csv,,
MINERI,importaciones_por_grupo.csv,,
MINERI,peso_va_min_por_provincia.csv,,
MINERI,min_comp_categoria_ocupacional_rama.csv,,
MINERI,compras_sector_minero_rama.csv,,
MINERI,exportaciones_mineras_provinciales.csv,,provincia
MINERI,minerales_criticos_energia.csv,,
MINERI,ranking_minerales_argentina.csv,,
MINERI,importaciones_directas_mineria.csv,,
MINERI,desc_ventas_min_metalifera.csv,,
MINERI,precios_metales_real.csv,,
MINERI,importaciones_por_sector.csv,,
MINERI,tasa_feminizacion_sector.csv,,
MINERI,minerales_vbp_mundial.csv,codigo_pais,
MINERI,dist_provincial_pbi_minero.csv,,
MINERI,crecimiento_demanda_minerales_2040.csv,,
MINERI,balanza_comercial_minera.csv,,
CAMCLI,emisiones_afolu_1990_2018.csv,,
CAMCLI,emisiones_prov_2010_2018.csv,,provincia
CAMCLI,emisiones_anuales_co2_region.csv,iso3,continente_fundar
CAMCLI,emisiones_per_cap.csv,iso3,
CAMCLI,emisiones_energia_1990_2018.csv,,
CAMCLI,emisiones_global_sec_1850_2014.csv,,
CAMCLI,emisiones_arg_1990_2018.csv,,
CAMCLI,emisiones_piup_1990_2018.csv,,
CAMCLI,emisiones_anuales_co2_region_2021.csv,iso3,continente_fundar
CAMCLI,emisiones_arg_sec_1990_2018.csv,,
CAMCLI,evolucion_temperatura_1850_2023.csv,,
CAMCLI,06_evolucion_nivel_del_mar_1993_2022.csv,,
CAMCLI,evolucion_temperatura_aire_1850_2020.csv,,
CAMCLI,emisiones_subsec_arg_2018.csv,,
CAMCLI,emisiones_residuos_1990_2018.csv,,
CAMCLI,emisiones_arg_mundo.csv,,region
CAMCLI,emisiones_vab_provincias.csv,,provincia
CAMCLI,emisiones_anuales_co2_ch4_n20_1850_2022.csv,,
CAMCLI,01_evolucion_CO2_historico.csv,,
CAMCLI,emisiones_sector_global_2016.csv,,
TRANEN,capacidad_instalada_eolica_gw.csv,iso3,
TRANEN,capacidad_instalada_fv_gw.csv,iso3,
TRANEN,generacion_hidro_twh.csv,iso3,
TRANEN,matriz_prim_mundo_historic_larga.csv,,
TRANEN,potencia_instalada_renov_regional.csv,,
TRANEN,generacion_nuclear_twh.csv,iso3,
TRANEN,matriz_prim_mundo_historic.csv,iso3,
TRANEN,energia_baja_carbono.csv,iso3,
TRANEN,intensidad_carbono_electri_mundo.csv,iso3,
TRANEN,identidad_kaya_mundo.csv,iso3,
TRANEN,intensidad_energ_mundo.csv,iso3,
TRANEN,produccion_biocomb.csv,iso3,
TRANEN,produc_electricidad_fuente_mundo_twh.csv,iso3,
DESHUM,expectativa_educ.csv,iso3,pais_nombre
DESHUM,idh_idhd.csv,iso3,
DESHUM,indice_desarrollo_humano.csv,iso3,pais_nombre
DESHUM,ranking_diferencia_idh_idhp_2022_flourish.csv,iso3,
DESHUM,anios_prom_educ.csv,iso3,pais_nombre
DESHUM,idh_idhp.csv,iso3,
DESHUM,idha_subindices.csv,iso3,iso3_desc_fundar
DESHUM,idha.csv,iso3,iso3_desc_fundar
DESHUM,gdi.csv,iso3,
DESHUM,expectativa_vida.csv,iso3,pais_nombre
DESHUM,idh_dif_idhp.csv,iso3,pais_nombre
DESHUM,idh_sexo.csv,iso3,
DESHUM,idh_subcomponentes.csv,iso3,
DESHUM,indice_desarrollo_humano_desigualdad.csv,iso3,pais_nombre
DESHUM,inb_pc.csv,iso3,pais_nombre
AGROPE,share_cultivos.csv,,
AGROPE,share_carne_expo_paises_seleccionados_1962_2021.csv,iso3,pais
AGROPE,pbi_agro.csv,,
AGROPE,produccion_carne_tipos_arg_evo.csv,,
AGROPE,insercion_internacional_CAA.csv,,
AGROPE,produccion_maiz_paises_evo.csv,iso3,iso3_desc_fundar
AGROPE,exportaciones_pesca_argentina_evo.csv,,
AGROPE,consumo_peces_percapita_global_2020.csv,iso3,iso3_desc_fundar
AGROPE,evolucion_vab_constantes_tipo_cadenas.csv,,
AGROPE,PBG_participacion_agro_provincia_evolucion.csv,,nom_pcia
AGROPE,produccion_principales_cultivos.csv,,
AGROPE,rindes_soja_internacional.csv,iso3,iso3_desc_fundar
AGROPE,indices_precios_exportacion.csv,,
AGROPE,produccion_soja_paises_evo.csv,iso3,iso3_desc_fundar
AGROPE,produccion_acuicultura_argentina_evo.csv,,
AGROPE,superficie_agricultura_paises_evo.csv,iso3,iso3_desc_fundar
AGROPE,share_carne_expo_argentinas_1962_2021.csv,iso3,pais
AGROPE,superficie_sembrada_principales_cultivos.csv,,
AGROPE,produccion_global_carne_aviar_2021.csv,iso3,iso3_desc_fundar
AGROPE,pesca_especie_arg_evo.csv,,
AGROPE,produccion_acuicultura_global_2021.csv,iso3,iso3_desc_fundar
AGROPE,comex_arg_agroindustria_MOA_PP_evo.csv,,
AGROPE,produccion_global_carne_bovina_2021.csv,iso3,iso3_desc_fundar
AGROPE,rindes_trigo_internacional.csv,iso3,iso3_desc_fundar
AGROPE,apertura_cuentas_actividad_agropecuaria.csv,,
AGROPE,participacion_CAA_PIB_arg_evo.csv,,
AGROPE,participacion_PIB_pesca_PIB_evo.csv,,
AGROPE,consumo_carne_tipos_arg_evo.csv,,
AGROPE,participacion_tipos_CAA_VAB.csv,,
AGROPE,participacion_agropecuario.csv,,
AGROPE,rindes_principales_cultivos.csv,,
AGROPE,produccion_global_carne_bovina_evo.csv,iso3,iso3_desc_fundar
AGROPE,rindes_maiz_internacional.csv,iso3,iso3_desc_fundar
AGROPE,consumo_carne_tipos_mundo_2020.csv,iso3,iso3_desc_fundar
AGROPE,stock_bovina_regiones_argentina.csv,,region
AGROPE,agro_global_b.csv,iso3c,pais
AGROPE,agro_global.csv,iso3c,pais
MERTRA,tasa_empleo_anio_provincia_sexo.csv,,provincia
MERTRA,media_movil_por_edad_sexo_de_tasa_actividad_brecha.csv,,
MERTRA,tasa_empleo_menores_provincia.csv,,provincia
MERTRA,tasa_empleo_anio_provincia.csv,,provincia
MERTRA,media_movil_por_edad_de_tasa_actividad.csv,,
MERTRA,trabajo_no_remunerado_sexo_internacional.csv,iso3,pais_desc
MERTRA,establecimientos_tasa_empleo_provincia.csv,,provincia_desc
MERTRA,lavarropas_tasa_empleo_fem_provincia.csv,,prov_desc
MERTRA,ratio_tasa_actividad_mujer_varon_por_pais_anio.csv,iso3,
MERTRA,media_movil_por_edad_reg_desc_fundar_de_tasa_actividad.csv,,
MERTRA,tasa_empleo_mujer_salario_provincia_anio.csv,,provincia
MERTRA,puestos_percapita_anio_pais.csv,iso3,
MERTRA,tasa_empleo_provincia_nivel_educativo.csv,,provincia
MERTRA,tiempo_social_trabajo_sexo_edad.csv,,
MERTRA,tiempo_social_trabajo_sexo.csv,,
MERTRA,share_acuerdo_varones_empleo_region_arg.csv,,
MERTRA,tasa_actividad_por_pais_anio.csv,iso3,iso3_desc
MERTRA,tasa_participacion_censos.csv,,
MERTRA,tiempo_social_trabajo_sexo_niveleducativo.csv,,
MERTRA,tasa_empleo_por_franja_etaria_anio_provincia.csv,,prov_desc
MERTRA,tipo_trabajo_no_rem_sexo.csv,,
